group_id,chunk_id,topic,category,risk_level,title,text,source_id,allowed_use,blocked_use,language
G23,G23_C001,Library Research Tools,Academic Support,L0_NORMAL,Using Library Databases for Academic Research,The university library provides access to curated academic databases containing peer-reviewed journals, e-books, and scholarly articles. Students can use subject filters, Boolean operators, and keyword tools to narrow search results to credible sources relevant to their field of study. These databases are a far more reliable starting point for academic papers than general internet searches.,S001,General academic guidance and research tips,Medical diagnosis or treatment advice,English
G23,G23_C002,Interlibrary Loan Service,Academic Support,L0_NORMAL,Borrowing Materials Through Interlibrary Loan,When a required book or article is not available in the university library's own collection, students can request it through the Interlibrary Loan (ILL) service. This service connects your institution to external libraries and allows you to borrow materials at no cost. Requests typically take a few days to process and arrive either digitally or as physical copies.,S001,Academic research support and resource access,Legal or financial advice,English
G23,G23_C003,Study Room Reservations,Academic Support,L0_NORMAL,Booking a Study Room at the Library,Most university libraries offer group and individual study rooms that students can reserve in advance. These quiet, dedicated spaces are ideal for focused exam preparation, group projects, or collaborative work. Students can check room availability and book a slot through the library's online reservation portal or by visiting the front desk.,S001,Campus resource navigation,Therapy or crisis counseling,English
G23,G23_C004,Research Consultation Services,Academic Support,L0_NORMAL,Getting One-on-One Help from a Subject Librarian,Subject librarians are available for one-on-one research consultations to help students identify the right databases, narrow research topics, and manage citations effectively. These appointments are free and can be scheduled online or in person. Students working on theses, dissertations, or major papers especially benefit from these sessions.,S001,Academic skill-building and library orientation,Career placement advice,English
G23,G23_C005,Digital Academic Resources,Academic Support,L0_NORMAL,Accessing E-Books and Digital Archives Remotely,University libraries offer remote access to electronic books, streaming media, and digital archives through student login portals. Students can access these resources from home using their university credentials, making research and study possible outside of library hours. Many universities also provide LinkedIn Learning and other digital skill-development platforms under the same login.,S001,Academic access and digital learning,Medical or legal guidance,English
G23,G23_C006,Library Learning Center,Academic Support,L0_NORMAL,The Modern Library as a 21st-Century Learning Hub,The Grover M. Hermann Library at University of the Cumberlands has been transformed into a $7.5 million 21st-century learning center featuring group and individual study rooms, computer workstations, and a makerspace for current students. A coffee shop and lounge are also part of the library space. The facility is connected to the Rollins Family Learning Center which houses the Patriot Student Success Center.,S001,Campus facility awareness and academic planning,Specific medical or financial guidance,English
G23,G23_C007,CARE Advocates – Sexual Violence Support,Counseling and Crisis,L3_CRISIS,CARE Program: Confidential Support for Survivors,UCLA's CARE (Campus Assault Resources and Education) program is a safe and confidential resource for students who are survivors of sexual assault, dating violence, domestic violence, stalking, or sexual harassment. CARE Advocates help students access support, navigate reporting options, arrange academic accommodations, and connect with medical or legal services — all without requiring a formal report to be filed. Contact CARE at (310) 206-2465 or advocate@careprogram.ucla.edu.,S002,Crisis referral and trauma-informed support,Therapy delivery or medical diagnosis,English
G23,G23_C008,Consultation and Response Team (CRT),Counseling and Crisis,L2_DISTRESS,Reporting a Student in Distress – UCLA CRT,UCLA's Consultation and Response Team (CRT) is a professional team that responds to reports about students who may be experiencing a mental health crisis or safety concern. It includes representatives from the Dean of Students office, CAPS, Residential Life, and UCLA Police. Case Managers can meet directly with students or advise faculty and staff on how to help. Email CRTeam@ucla.edu during business hours or call the 24-hour CAPS line at (310) 825-0768 for after-hours support.,S002,Mental health referral and distress support,Clinical diagnosis or prescribing,English
G23,G23_C009,24-Hour Crisis Support Line,Counseling and Crisis,L3_CRISIS,24-Hour Mental Health and Crisis Support at UCLA,For immediate mental health emergencies at UCLA, students can call the Counseling and Psychological Services (CAPS) 24-hour crisis line at (310) 825-0768 at any time, including nights and weekends. For physical emergencies or situations involving immediate danger, students should call the UCLA Police Department at (310) 825-1491 or dial 911. These services are available around the clock to all enrolled UCLA students.,S002,Crisis response and immediate safety guidance,Medical treatment instructions,English
G23,G23_C010,Economic Crisis Response Team,Counseling and Crisis,L1_STRESS,Financial Crisis Support Through UCLA ECRT,The Economic Crisis Response Team (ECRT) at UCLA supports students who are facing serious financial hardship that threatens their ability to continue their studies. The team works compassionately and discreetly to connect students with emergency funds, revise university policies, and provide individualized guidance. Students experiencing financial crises can email ecr@saonet.ucla.edu or call (310) 206-1189 to get help.,S002,Financial distress referral and emergency support,Investment or tax advice,English
G23,G23_C011,Title IX – Sexual Harassment Reporting,Counseling and Crisis,L3_CRISIS,How to Report Sexual Harassment Under Title IX,Students who have experienced sexual harassment at UCLA can contact the Title IX Office at (310) 206-3417 or titleix@conet.ucla.edu. The Title IX Office maintains privacy while fulfilling its obligation to respond appropriately. Students unsure about filing a formal report may first reach out to confidential resources such as the CARE Program, UCLA Student Legal Services, or the Rape Treatment Center at Santa Monica-UCLA Medical Center — none of whom are required to report incidents to the university.,S002,Survivor support and formal reporting guidance,Legal representation or advice,English
G23,G23_C012,UVA Emergency Crisis Services,Counseling and Crisis,L3_CRISIS,Emergency Mental Health Services at UVA,All UVA students are eligible for emergency mental health assessments and crisis consultations at no cost. For life-threatening emergencies, students should call 911 immediately — UVA phones no longer require dialing 9 before 911. The CASS on Call service provides 24-hour crisis management and follow-up support and can be reached at (434) 924-7166. These services are available to all enrolled UVA students at any time.,S003,Crisis navigation and emergency mental health access,Clinical diagnosis or medication guidance,English
G23,G23_C013,University Police and Campus Safety,Counseling and Crisis,L2_DISTRESS,Reporting Crimes and Safety Concerns at UVA,The UVA Police Department is located at 2304 Ivy Road and can be reached for non-emergency matters at (434) 924-7166. Students can also report crimes, submit safety tips, and access the campus crime log through the UVA Police website. For immediate danger, dial 911. University Ambassadors — trained safety volunteers — also patrol the area near the Corner and can escort students home upon request.,S003,Campus safety awareness and crime reporting,Medical advice or legal counsel,English
G23,G23_C014,Safe Transportation and Campus Safety Resources,Counseling and Crisis,L1_STRESS,Safe Transportation and Night Safety Options at UVA,UVA Student Affairs offers safe transportation options for students traveling around Grounds, including late-night and on-demand services designed to reduce personal safety risks. University Ambassadors in bright yellow attire patrol areas around the Corner and can walk students to their destination. Students can call the Public Safety Substation at (434) 984-7622 ext. 406 or drop in at 1413 University Ave to request a safe walk.,S003,Safety navigation and student wellbeing,Relationship or personal counseling,English
G23,G23_C015,Academic Advising and Tutoring,Student Affairs,L0_NORMAL,Academic Advising vs. Tutoring: What's the Difference?,Academic advising helps students plan their overall academic journey — including choosing courses, tracking degree progress, and identifying challenges. Tutoring, on the other hand, focuses on helping students with specific subjects or assignments, such as preparing for a math exam or completing a lab report. Both services are typically available for free through the student affairs or academic support office and can be accessed by appointment or walk-in.,S004,Academic planning and subject-specific help,Financial or immigration advice,English
G23,G23_C016,Disability and Accessibility Services,Student Affairs,L1_STRESS,Disability Services: Getting Academic Accommodations,More than one in five undergraduate students have a disability, and universities provide dedicated disability and accessibility offices to support them. These offices coordinate academic accommodations such as extended test time, note-taking support, and accessible course materials in partnership with faculty. Students should register with their institution's disability office early in the semester to ensure timely accommodations are in place.,S004,Disability awareness and accommodation navigation,Medical diagnosis or legal advice,English
G23,G23_C017,International Student Support,Student Affairs,L0_NORMAL,Support Services Tailored for International Students,International students face unique challenges including culture shock, language barriers, and immigration regulations. Many universities provide dedicated international student support services that assist with housing guidance, visa and immigration information, English language support, and integration programs. Students are encouraged to connect with the international student office early in their first semester for orientation resources and ongoing support.,S004,International student orientation and wellbeing,Immigration legal advice or visa application processing,English
G23,G23_C018,Financial Aid and Emergency Aid,Student Affairs,L1_STRESS,Emergency Financial Aid for Students in Crisis,CityU of Seattle offers Emergency Aid for currently enrolled students facing unexpected financial hardship that threatens their ability to continue studying. Eligible scenarios include involuntary job loss, food insecurity, emergency medical costs, temporary housing emergencies, and family travel emergencies. Students must have a minimum 2.0 GPA (3.0 for graduates), no outstanding tuition balance, and FAFSA on file. Applications are accepted on a rolling basis through the emergency aid application portal.,S004,Financial hardship referral and emergency funding guidance,Investment advice or loan management,English
G23,G23_C019,First-Generation and Low-Income Student Support,Student Affairs,L1_STRESS,Support for First-Generation and Low-Income Students,First-generation and low-income students often lack the academic networks and financial safety nets available to other students. Universities offer specialized support including welcome programs, mentorship opportunities, peer support groups, and family orientation events. Staff can also help connect students experiencing housing insecurity or food insecurity with community support programs and on-campus resources.,S004,Peer support awareness and equity-focused resource navigation,Specific financial planning or investment advice,English
G23,G23_C020,Resume and CV Writing,Career Development,L0_NORMAL,How to Write a Strong Resume or CV for Jobs,A resume is a formal document that highlights your relevant education, professional experience, skills, and achievements for job or internship applications. A curriculum vitae (CV) is used in academic and research settings and is typically several pages long. University Career Services provides sample resumes, sample CVs, and recorded resume workshops to help students prepare polished application materials. Students can also schedule appointments for personalized feedback.,S005,Career preparation and job application support,Medical or legal guidance,English
G23,G23_C021,Career Assessments and Exploration,Career Development,L0_NORMAL,Free Career Assessments to Discover Your Strengths,University Career Services offers free career assessment tools to help students identify their interests, personality type, values, and career fit. Free tools include Focus 2 (linked to university majors), CliftonStrengths, and Holland Codes exploration worksheets. Paid assessments such as the Myers-Briggs Type Indicator (MBTI) and Strong Interest Inventory are available for $15 with a career counselor pre-assessment appointment.,S005,Career exploration and self-assessment,Financial investment or therapy,English
G23,G23_C022,Internship and Job Preparation,Career Development,L0_NORMAL,Preparing for Internships and Job Applications,University Career Services supports students in preparing for internships and jobs through mock interview sessions, cover letter guidance, and LinkedIn profile reviews. The Career Development Action Plan and Checklist helps students build competencies at each stage — from exploring interests (0–29 credits) to empowering employment (60+ credits). Career fairs and networking events are also hosted throughout the year to connect students directly with employers.,S005,Career development and internship readiness,Medical or legal advice,English
G23,G23_C023,Graduate School Guidance,Career Development,L0_NORMAL,Planning for Graduate and Professional School Applications,Students considering graduate or professional school can access dedicated resources through University Career Services, including guides on application timelines, personal statement writing, and selecting programs. Career counselors can review application materials and provide strategic advice. The Pre-Law Checklist and academic interview question guides are among the resources available for students pursuing advanced degrees.,S005,Graduate school preparation and career planning,Specific admissions decisions or legal advice,English
G23,G23_C024,Major-to-Career Exploration,Career Development,L0_NORMAL,Exploring Career Paths Based on Your Major,UC Berkeley's Career Engagement portal provides a comprehensive resource linking academic majors to typical career areas and industries. Students can browse alphabetically to find career areas commonly associated with their major and explore related fields. The First Destination Survey shows where past graduates have gone, providing realistic insight into career outcomes and helping students make informed decisions about their professional paths.,S006,Career exploration and academic major guidance,Financial planning or clinical guidance,English
G23,G23_C025,Student Organizations and Campus Life,Career Development,L0_NORMAL,Getting Involved: Student Organizations and Campus Activities,Joining student organizations, clubs, and volunteer groups is one of the most effective ways to develop leadership skills, expand professional networks, and enrich the university experience. Most universities offer a wide range of clubs — from academic and cultural societies to professional associations and recreational groups. Getting involved in campus life also demonstrates initiative and teamwork on future resumes and graduate school applications.,S006,Student engagement and co-curricular development,Academic course registration,English
G23,G23_C026,Peer Mentorship Programs,Career Development,L1_STRESS,How Peer Mentorship Programs Help Students Succeed,Peer mentorship programs connect newer students with more experienced peers who can provide guidance on academic challenges, campus navigation, and professional development. These programs reduce feelings of isolation, improve retention rates, and help students build confidence during their first year or during difficult academic periods. Many universities offer both formal peer mentor matching and informal mentoring through student clubs and honors programs.,S006,Student wellness and transitional support,Therapy or academic counseling,English
G23,G23_C027,NetID and Password Management,IT Support,L0_NORMAL,Setting Up and Managing Your University NetID,Every UIC student is automatically assigned a NetID upon admission, which serves as the login credential for Blackboard, university email, the My UIC Portal, Wi-Fi, computer labs, and LinkedIn Learning. Students can activate their NetID through the university portal and manage their password, set up account recovery, and enroll in 2-Factor Authentication via the NetID Center. Passwords must meet university complexity requirements to protect account security.,S007,IT onboarding and account access guidance,Financial or health advice,English
G23,G23_C028,UIC-WiFi Setup,IT Support,L0_NORMAL,Connecting to UIC-WiFi on Windows and macOS,UIC students, faculty, and staff can connect to the UIC-WiFi network using their NetID and password. On Windows, students select UIC-WiFi from network settings and enter their credentials. On macOS, the same steps apply via System Preferences. Visitors may use UIC-Guest or Eduroam. When a password is changed, students must forget and re-add the network using updated credentials. Detailed device-specific guides are available on the UIC IT Knowledge Base.,S007,IT setup and campus connectivity support,Medical or legal advice,English
G23,G23_C029,UIC Email Access,IT Support,L0_NORMAL,Accessing Your UIC Email via Outlook,UIC students use Microsoft Exchange and Outlook as their official email and calendaring platform. Email can be accessed on the web at outlook.uic.edu using the full UIC email address and NetID password. Duo 2-Factor Authentication is required to log in. Students with a Microsoft 365 A5 license (assigned to all UIC students) may also install the Outlook desktop app on Windows or macOS and configure the app on iOS or Android devices.,S007,Student email setup and IT account access,Personal health or financial guidance,English
G23,G23_C030,Two-Factor Authentication (2FA),IT Support,L0_NORMAL,Securing Your Account with Duo 2-Factor Authentication,UIC requires all students to use Duo 2-Factor Authentication (2FA) when logging into university systems. 2FA adds a second layer of security by requiring identity verification through a mobile device after entering your NetID and password. This protects university data and prevents unauthorized access. Students can enroll in 2FA, set up new devices, and manage settings through the NetID Center; international students can also enable 2FA while outside the USA.,S007,Cybersecurity awareness and IT account protection,Medical advice or emergency response,English
G23,G23_C031,Virtual Computer Lab and Software Access,IT Support,L0_NORMAL,Accessing University Software Through the Virtual Computer Lab,UIC's Virtual Computer Lab (VCL) allows students to access licensed software remotely from any device, without needing to install programs locally. Available software includes MATLAB, SAS, SPSS, ArcGIS Pro, Adobe Acrobat Pro, Microsoft Office, RStudio, Stata, and Wolfram Mathematica. Students can connect through a web browser or the VCL desktop application. This is especially useful for students who need specialized academic tools but do not own high-performance computers.,S007,Academic IT tools and software access,Piracy or software installation from unofficial sources,English
G23,G23_C032,Wepa Printing System,IT Support,L0_NORMAL,Printing on Campus Using the Wepa System,UIC uses the Wepa printing system for on-campus printing needs. Students can upload documents via the Wepa app or website, then release print jobs at any Wepa-enabled printer across campus. The system supports printing from mobile devices, laptops, and computer labs. Students receive a printing credit allocation each semester and can add additional funds if needed. Wepa stations are located in libraries, student centers, and major academic buildings.,S007,Campus printing and IT resource navigation,Financial transactions or personal advice,English
G23,G23_C033,UIC IT Help Center and Technical Support,IT Support,L0_NORMAL,Getting IT Help Through the UIC Help Center,The UIC Help Center at help.uic.edu is the central platform for submitting IT support tickets, resetting passwords, checking service status, and accessing how-to guides through the Knowledge Base. For in-person or virtual support, the Technical Helpdesk assists with accounts, passwords, UIC-WiFi, Duo 2FA, software installations, virus removal, and other university technology services. Students can also ask questions directly through the Ask an IT Question portal.,S007,IT support navigation and troubleshooting,Medical or emergency crisis support,English
G23,G23_C034,Transcript and Enrollment Verification,Academic Support,L0_NORMAL,Requesting Transcripts and Enrollment Verification,The Office of the Registrar is the primary source for all information regarding attendance, academic records, graduation, diplomas, transcripts, and enrollment verification. Students can request official transcripts, print unofficial transcripts, and access academic catalogs through the Registrar's portal. The office is located on the first floor of the Gatliff Building and can be reached at registrar@ucumberlands.edu or 606.539.4316.,S001,Academic records guidance and registration support,Medical or legal advice,English
G23,G23_C035,Course Registration and Graduation Applications,Academic Support,L0_NORMAL,Registrar Services: Course Registration and Graduation,Through the Office of the Registrar, students can register for classes, apply for graduation, access academic catalogs, and track degree completion requirements. All essential forms, deadlines, and procedural information are available through the Registrar's online portal. Students who need in-person assistance can visit the office during business hours or contact the team by email or phone.,S001,Academic planning and degree-completion support,Financial investment or clinical guidance,English
G23,G23_C036,CARE Program Mission and Services,Counseling and Crisis,L3_CRISIS,CARE Program: Education Advocacy and Healing for Survivors,UCLA's CARE Program champions a campus free from sexual and gender-based violence through three interconnected service areas: community education, confidential trauma-informed advocacy, and healing-focused programs. CARE Advocates provide survivor-centered support including guidance, safety planning, and connection to resources using a trauma-informed and culturally responsive approach. CARE operates Monday to Friday, 9 AM to 5 PM, and students can request appointments or submit a Self-Referral Form online.,S002,Survivor support education and advocacy referral,Clinical diagnosis or medication advice,English
G23,G23_C037,Rape Treatment Center Emergency Support,Counseling and Crisis,L3_CRISIS,Rape Treatment Center: Emergency Sexual Assault Support,If a student has recently experienced sexual violence, the Santa Monica Rape Treatment Center (RTC) is available 24 hours a day, 7 days a week. Survivors can obtain a free forensic exam (for evidence collection) up to five days after an assault by calling (424) 259-7208. The RTC also provides free trauma therapy regardless of whether a forensic exam is obtained. For immediate danger, call 911 or UCLA Police at (310) 825-1491.,S002,Crisis survivor support and emergency forensic referral,Legal representation or clinical diagnosis,English
G23,G23_C038,Case Management Services for Students in Crisis,Counseling and Crisis,L2_DISTRESS,Case Management: Personalized Support for Students Facing Crises,UCLA Case Managers are available to assist students struggling with mental or physical health challenges, unexpected personal crises, or loss. They explore options, identify campus resources, and help students create a plan for next steps. Case Managers typically meet with students one to four times and can follow up by email or phone throughout the academic year. To initiate contact, use the Refer a Student link on the Consultation and Response Team page.,S002,Crisis management and welfare check referral,Clinical therapy delivery or medication advice,English
G23,G23_C039,CityU Counseling Center Telehealth Services,Student Affairs,L1_STRESS,CityU Counseling Center: Affordable Online Counseling,The City University Counseling Center is a tele-health online facility offering individual, couples, and group counseling on a sliding scale of $5 to $25 per session. Washington state residents enrolled in K-12 or higher education may be seen at no charge. Services cover stress, anxiety, depression, relationship struggles, grief, racial trauma, gender exploration, and LGBTQIA+ support. To schedule, email counseling@cityu.edu. Hours are Monday to Thursday 8 AM to 6 PM and Friday 9 AM to 5 PM.,S004,Mental health counseling referral and access guidance,Psychiatric care or clinical diagnosis,English
G23,G23_C040,Writing and Language Support Centers,Student Affairs,L0_NORMAL,Writing Centers: One-on-One Help with Papers and Language,Many universities operate dedicated writing centers staffed by tutors who specialize in grammar, structure, content clarity, and academic writing conventions. Students can bring a paper in any stage of development for one-on-one feedback sessions. Language centers, sometimes separate from writing centers, focus on reading comprehension, academic vocabulary, and language skills — particularly valuable for ESL and international students.,S004,Academic writing support and language skill development,Medical or legal guidance,English
G23,G23_C041,LinkedIn and Professional Networking,Career Development,L0_NORMAL,Building a LinkedIn Profile and Professional Network,Creating a LinkedIn profile is a key step in career development, allowing students to connect with peers, professors, employers, and alumni in their field of interest. Career Services provides guidance on building an effective profile and connecting with relevant professional groups. Industry knowledge can also be maintained through LinkedIn by following companies, thought leaders, and professional associations in your chosen career area.,S005,Career networking and professional development,Medical advice or financial investment,English
G23,G23_C042,Career Fairs and Networking Events,Career Development,L0_NORMAL,Making the Most of University Career Fairs,Career fairs organized by University Career Services allow students to meet employers, practice professional communication, and discover job and internship opportunities in one setting. Students are encouraged to attend career fairs from their freshman year to build confidence and connections early. Bringing a polished resume and practicing a brief self-introduction (elevator pitch) beforehand significantly improves the experience.,S005,Career preparation and employer networking,Medical or legal guidance,English
G23,G23_C043,Professional Wardrobe and Career Closet,Career Development,L0_NORMAL,Accessing Professional Clothing Through the Career Closet,Many university career services offices operate a Career Closet where students can borrow professional attire for interviews, career fairs, and internship orientations. This service ensures that cost is not a barrier to presenting professionally during job searches. Students typically fill out a survey or make an appointment to access available clothing items at no charge.,S006,Career readiness and equity-focused career support,Financial investment or legal advice,English
G23,G23_C044,Graduate School Application Timeline,Career Development,L0_NORMAL,Planning Your Graduate School Application Timeline,Applying to graduate school requires careful planning starting at least 12 months before your intended start date. Key steps include researching programs and testing requirements (GRE, GMAT, LSAT), requesting recommendation letters early, drafting personal statements, and tracking individual program deadlines. University Career Services offers program-specific checklists such as the Pre-Law Checklist to help students stay organized throughout the process.,S005,Graduate school planning and application guidance,Specific admissions decisions or legal representation,English
G23,G23_C045,Technology Solutions Computer Labs,IT Support,L0_NORMAL,Finding Open Computer Labs on Campus,Technology Solutions at UIC manages both teaching labs (reserved for class use) and open access computer labs available to all students during operating hours. Open labs are located in GH 306, SCET 401, and SELE 2265. Labs are typically open from 7:30 AM to 9:00 PM on weekdays. Wepa print stations are available adjacent to most labs for student printing needs.,S007,Campus IT resource navigation and computer lab access,Medical or personal counseling,English
G23,G23_C046,Blackboard Learning Management System,IT Support,L0_NORMAL,Getting Help with Blackboard at UIC,Blackboard Learn is UIC's official Learning Management System (LMS) for course materials, assignments, grades, and announcements. Students can access help guides and video tutorials through the Blackboard Learn student help portal. For direct assistance, contact Learning Technology Solutions at LTS@uic.edu or call (312) 413-0003 Option 1. Blackboard is accessed using your UIC NetID and password.,S007,LMS access and academic platform support,Medical advice or crisis counseling,English
G23,G23_C047,Cloud Storage Solutions for Students,IT Support,L0_NORMAL,Cloud Storage Options Available to UIC Students,UIC students have access to multiple approved cloud storage platforms: U of I Box, Microsoft OneDrive for Business (via Microsoft 365), Google Drive (via Google Workspace), and Adobe Creative Cloud Enterprise Storage. These services allow secure access to files from any internet-connected device and support file sharing and collaboration. All listed services are the only cloud storage solutions approved for university data and can be accessed using UIC credentials.,S007,Cloud storage setup and academic file management,Personal or financial data storage advice,English
G23,G23_C048,Cybersecurity Best Practices for Students,IT Support,L0_NORMAL,Staying Safe Online: Cybersecurity Tips for University Students,The university IT department will never ask for your password by email, phone, or chat. Students should use strong, unique passwords for their NetID and change them regularly. Enabling Duo 2-Factor Authentication adds a critical layer of protection against unauthorized account access. Phishing emails often impersonate IT staff or university offices — when in doubt, report suspicious messages to IT Security via help.uic.edu and do not click any links.,S007,Cybersecurity awareness and account protection,Specific legal or financial advice,English
G23,G23_C049,Freshman Career Development Steps,Career Development,L0_NORMAL,Career Development in Your First Two Years of University,The University of Houston Career Development Checklist recommends that freshmen and sophomores focus on exploring self, majors, and career fields by completing the Focus 2 assessment, attending career fairs, exploring career fields through volunteering or job shadowing, and gaining experience through part-time work or internships. Students should also log into Cougar Pathway (AccessUH) to schedule a career counselor appointment and discover on-campus job opportunities.,S005,Early-stage career exploration and planning,Medical advice or legal counsel,English
G23,G23_C050,Senior Career Transition Preparation,Career Development,L0_NORMAL,Career Transition Steps for Juniors and Seniors,As students approach graduation, Career Services recommends attending resume and interview workshops, researching graduate school testing and admission deadlines, scheduling mock interviews, building a LinkedIn profile, and securing a leadership role through work or campus involvement. Students should also identify three professional references, organize their job search activity log, and build a professional wardrobe — the Career Closet offers free attire loans for those who need it.,S005,Pre-graduation career readiness and job search preparation,Personal financial planning or medical guidance,English
